{
  "project_info": {
    "project_number": "214978500915",
    "firebase_url": "https://travelmantis-7aaf5.firebaseio.com",
    "project_id": "travelmantis-7aaf5",
    "storage_bucket": "travelmantis-7aaf5.appspot.com"
  },
  "client": [
    {
      "client_info": {
        "mobilesdk_app_id": "1:214978500915:android:b4470d06b32c6715",
        "android_client_info": {
          "package_name": "com.example.travelmantics"
        }
      },
      "oauth_client": [
        {
          "client_id": "214978500915-kuf84h0r0aft49visb6e0i46t9l5q45v.apps.googleusercontent.com",
          "client_type": 3
        }
      ],
      "api_key": [
        {
          "current_key": "AIzaSyCfQVgli5md4l8C4pWh2_oTfnKpEIw_N3g"
        }
      ],
      "services": {
        "appinvite_service": {
          "other_platform_oauth_client": [
            {
              "client_id": "214978500915-kuf84h0r0aft49visb6e0i46t9l5q45v.apps.googleusercontent.com",
              "client_type": 3
            }
          ]
        }
      }
    }
  ],
  "configuration_version": "1"
}